date,temp_mean_c,temp_max_c,temp_min_c,rainfall_mm,humidity_pct,windspeed_kmh,city,latitude,longitude,source,year,month,year_month
2025-10-01,24.8,28.9,21.9,0.4,80,9.0,Birendranagar,28.6,81.6167,Open-Meteo Historical Weather API (open-meteo.com),2025,10,2025-10
2025-10-02,23.0,26.8,20.2,26.7,88,7.2,Birendranagar,28.6,81.6167,Open-Meteo Historical Weather API (open-meteo.com),2025,10,2025-10
2025-10-03,23.9,27.8,21.1,1.0,82,7.7,Birendranagar,28.6,81.6167,Open-Meteo Historical Weather API (open-meteo.com),2025,10,2025-10
2025-10-04,23.7,27.0,21.8,0.8,83,9.4,Birendranagar,28.6,81.6167,Open-Meteo Historical Weather API (open-meteo.com),2025,10,2025-10
2025-10-05,23.4,27.6,19.8,0.3,81,7.8,Birendranagar,28.6,81.6167,Open-Meteo Historical Weather API (open-meteo.com),2025,10,2025-10
2025-10-06,22.9,26.0,20.2,1.6,83,6.4,Birendranagar,28.6,81.6167,Open-Meteo Historical Weather API (open-meteo.com),2025,10,2025-10
2025-10-07,22.5,25.5,20.0,0.3,76,6.7,Birendranagar,28.6,81.6167,Open-Meteo Historical Weather API (open-meteo.com),2025,10,2025-10
2025-10-08,22.0,26.2,18.3,6.0,82,6.2,Birendranagar,28.6,81.6167,Open-Meteo Historical Weather API (open-meteo.com),2025,10,2025-10
2025-10-09,22.0,26.3,16.4,0.1,77,6.8,Birendranagar,28.6,81.6167,Open-Meteo Historical Weather API (open-meteo.com),2025,10,2025-10
2025-10-10,21.8,26.3,17.9,0.0,78,9.4,Birendranagar,28.6,81.6167,Open-Meteo Historical Weather API (open-meteo.com),2025,10,2025-10
2025-10-11,20.9,25.8,16.9,0.0,80,9.1,Birendranagar,28.6,81.6167,Open-Meteo Historical Weather API (open-meteo.com),2025,10,2025-10
2025-10-12,21.0,26.0,16.1,0.0,81,8.2,Birendranagar,28.6,81.6167,Open-Meteo Historical Weather API (open-meteo.com),2025,10,2025-10
2025-10-13,20.8,25.8,16.7,0.1,81,7.8,Birendranagar,28.6,81.6167,Open-Meteo Historical Weather API (open-meteo.com),2025,10,2025-10
2025-10-14,20.8,26.3,16.1,0.0,80,8.3,Birendranagar,28.6,81.6167,Open-Meteo Historical Weather API (open-meteo.com),2025,10,2025-10
2025-10-15,21.4,26.6,17.2,0.0,80,7.4,Birendranagar,28.6,81.6167,Open-Meteo Historical Weather API (open-meteo.com),2025,10,2025-10
2025-10-16,22.6,28.1,19.1,0.0,74,8.3,Birendranagar,28.6,81.6167,Open-Meteo Historical Weather API (open-meteo.com),2025,10,2025-10
2025-10-17,22.7,27.6,18.6,0.2,72,7.2,Birendranagar,28.6,81.6167,Open-Meteo Historical Weather API (open-meteo.com),2025,10,2025-10
2025-10-18,22.4,26.8,18.5,0.9,74,6.6,Birendranagar,28.6,81.6167,Open-Meteo Historical Weather API (open-meteo.com),2025,10,2025-10
2025-10-19,22.5,26.7,19.2,0.3,74,6.6,Birendranagar,28.6,81.6167,Open-Meteo Historical Weather API (open-meteo.com),2025,10,2025-10
2025-10-20,22.6,26.7,19.1,0.1,76,7.0,Birendranagar,28.6,81.6167,Open-Meteo Historical Weather API (open-meteo.com),2025,10,2025-10
2025-10-21,22.6,27.5,19.5,0.0,77,6.8,Birendranagar,28.6,81.6167,Open-Meteo Historical Weather API (open-meteo.com),2025,10,2025-10
2025-10-22,23.5,28.2,19.6,0.0,70,9.1,Birendranagar,28.6,81.6167,Open-Meteo Historical Weather API (open-meteo.com),2025,10,2025-10
2025-10-23,21.9,28.2,16.5,0.3,75,8.8,Birendranagar,28.6,81.6167,Open-Meteo Historical Weather API (open-meteo.com),2025,10,2025-10
2025-10-24,22.2,26.8,17.9,0.0,64,7.6,Birendranagar,28.6,81.6167,Open-Meteo Historical Weather API (open-meteo.com),2025,10,2025-10
2025-10-25,21.6,26.7,17.3,0.0,53,9.6,Birendranagar,28.6,81.6167,Open-Meteo Historical Weather API (open-meteo.com),2025,10,2025-10
2025-10-26,21.7,26.6,17.9,0.0,51,7.3,Birendranagar,28.6,81.6167,Open-Meteo Historical Weather API (open-meteo.com),2025,10,2025-10
2025-10-27,21.5,26.5,18.4,0.2,56,5.3,Birendranagar,28.6,81.6167,Open-Meteo Historical Weather API (open-meteo.com),2025,10,2025-10
2025-10-28,18.4,20.0,16.4,6.0,91,6.2,Birendranagar,28.6,81.6167,Open-Meteo Historical Weather API (open-meteo.com),2025,10,2025-10
2025-10-29,21.5,25.2,19.5,0.1,72,6.2,Birendranagar,28.6,81.6167,Open-Meteo Historical Weather API (open-meteo.com),2025,10,2025-10
2025-10-30,20.5,23.2,19.1,16.6,90,6.3,Birendranagar,28.6,81.6167,Open-Meteo Historical Weather API (open-meteo.com),2025,10,2025-10
2025-10-31,20.0,22.3,18.4,1.6,91,4.3,Birendranagar,28.6,81.6167,Open-Meteo Historical Weather API (open-meteo.com),2025,10,2025-10
2025-11-01,20.6,24.7,17.0,0.0,88,7.7,Birendranagar,28.6,81.6167,Open-Meteo Historical Weather API (open-meteo.com),2025,11,2025-11
2025-11-02,20.6,24.8,17.7,0.0,83,9.1,Birendranagar,28.6,81.6167,Open-Meteo Historical Weather API (open-meteo.com),2025,11,2025-11
2025-11-03,20.2,24.9,16.4,0.0,84,6.4,Birendranagar,28.6,81.6167,Open-Meteo Historical Weather API (open-meteo.com),2025,11,2025-11
2025-11-04,20.1,23.5,17.6,3.3,88,4.8,Birendranagar,28.6,81.6167,Open-Meteo Historical Weather API (open-meteo.com),2025,11,2025-11
2025-11-05,20.9,25.7,17.5,0.0,76,5.4,Birendranagar,28.6,81.6167,Open-Meteo Historical Weather API (open-meteo.com),2025,11,2025-11
2025-11-06,20.5,25.5,16.0,0.0,73,6.2,Birendranagar,28.6,81.6167,Open-Meteo Historical Weather API (open-meteo.com),2025,11,2025-11
2025-11-07,19.6,24.5,15.6,0.0,77,6.1,Birendranagar,28.6,81.6167,Open-Meteo Historical Weather API (open-meteo.com),2025,11,2025-11
2025-11-08,18.8,24.3,15.2,0.0,71,7.4,Birendranagar,28.6,81.6167,Open-Meteo Historical Weather API (open-meteo.com),2025,11,2025-11
2025-11-09,18.1,23.0,14.9,0.0,72,6.9,Birendranagar,28.6,81.6167,Open-Meteo Historical Weather API (open-meteo.com),2025,11,2025-11
2025-11-10,18.1,23.3,14.6,0.0,72,6.8,Birendranagar,28.6,81.6167,Open-Meteo Historical Weather API (open-meteo.com),2025,11,2025-11
2025-11-11,17.3,22.3,14.3,0.0,73,6.0,Birendranagar,28.6,81.6167,Open-Meteo Historical Weather API (open-meteo.com),2025,11,2025-11
2025-11-12,17.1,22.3,13.8,0.0,73,5.7,Birendranagar,28.6,81.6167,Open-Meteo Historical Weather API (open-meteo.com),2025,11,2025-11
2025-11-13,16.5,21.7,11.7,0.0,81,6.9,Birendranagar,28.6,81.6167,Open-Meteo Historical Weather API (open-meteo.com),2025,11,2025-11
2025-11-14,15.8,21.5,10.7,0.0,77,6.9,Birendranagar,28.6,81.6167,Open-Meteo Historical Weather API (open-meteo.com),2025,11,2025-11
2025-11-15,16.7,22.0,13.8,0.0,76,7.3,Birendranagar,28.6,81.6167,Open-Meteo Historical Weather API (open-meteo.com),2025,11,2025-11
2025-11-16,17.0,22.1,13.7,0.0,68,6.7,Birendranagar,28.6,81.6167,Open-Meteo Historical Weather API (open-meteo.com),2025,11,2025-11
2025-11-17,16.8,21.9,13.8,0.0,64,7.4,Birendranagar,28.6,81.6167,Open-Meteo Historical Weather API (open-meteo.com),2025,11,2025-11
2025-11-18,18.0,23.3,14.3,0.0,65,6.6,Birendranagar,28.6,81.6167,Open-Meteo Historical Weather API (open-meteo.com),2025,11,2025-11
2025-11-19,17.3,22.1,12.9,0.0,70,7.7,Birendranagar,28.6,81.6167,Open-Meteo Historical Weather API (open-meteo.com),2025,11,2025-11
2025-11-20,17.0,21.6,12.5,0.0,70,7.3,Birendranagar,28.6,81.6167,Open-Meteo Historical Weather API (open-meteo.com),2025,11,2025-11
2025-11-21,16.5,21.6,11.9,0.0,70,7.3,Birendranagar,28.6,81.6167,Open-Meteo Historical Weather API (open-meteo.com),2025,11,2025-11
2025-11-22,15.5,20.5,11.7,0.0,73,7.6,Birendranagar,28.6,81.6167,Open-Meteo Historical Weather API (open-meteo.com),2025,11,2025-11
2025-11-23,15.0,19.8,12.2,0.0,72,6.7,Birendranagar,28.6,81.6167,Open-Meteo Historical Weather API (open-meteo.com),2025,11,2025-11
2025-11-24,15.0,19.8,11.5,0.0,70,5.3,Birendranagar,28.6,81.6167,Open-Meteo Historical Weather API (open-meteo.com),2025,11,2025-11
2025-11-25,14.5,19.8,11.0,0.0,75,6.0,Birendranagar,28.6,81.6167,Open-Meteo Historical Weather API (open-meteo.com),2025,11,2025-11
2025-11-26,15.5,20.6,12.6,0.0,61,6.7,Birendranagar,28.6,81.6167,Open-Meteo Historical Weather API (open-meteo.com),2025,11,2025-11
2025-11-27,16.6,22.3,12.1,0.0,55,6.3,Birendranagar,28.6,81.6167,Open-Meteo Historical Weather API (open-meteo.com),2025,11,2025-11
2025-11-28,17.7,23.1,13.2,0.0,57,5.1,Birendranagar,28.6,81.6167,Open-Meteo Historical Weather API (open-meteo.com),2025,11,2025-11
2025-11-29,16.6,21.5,13.3,0.0,59,5.5,Birendranagar,28.6,81.6167,Open-Meteo Historical Weather API (open-meteo.com),2025,11,2025-11
2025-11-30,15.6,20.2,12.7,0.0,73,5.6,Birendranagar,28.6,81.6167,Open-Meteo Historical Weather API (open-meteo.com),2025,11,2025-11
2025-12-01,14.9,19.9,11.8,0.0,81,5.8,Birendranagar,28.6,81.6167,Open-Meteo Historical Weather API (open-meteo.com),2025,12,2025-12
2025-12-02,14.7,20.6,10.8,0.0,85,7.1,Birendranagar,28.6,81.6167,Open-Meteo Historical Weather API (open-meteo.com),2025,12,2025-12
2025-12-03,14.5,20.0,10.9,0.0,74,6.9,Birendranagar,28.6,81.6167,Open-Meteo Historical Weather API (open-meteo.com),2025,12,2025-12
2025-12-04,15.0,20.3,11.1,0.0,70,5.1,Birendranagar,28.6,81.6167,Open-Meteo Historical Weather API (open-meteo.com),2025,12,2025-12
2025-12-05,14.2,19.5,10.8,0.0,74,5.9,Birendranagar,28.6,81.6167,Open-Meteo Historical Weather API (open-meteo.com),2025,12,2025-12
2025-12-06,14.2,19.2,10.6,0.0,74,6.1,Birendranagar,28.6,81.6167,Open-Meteo Historical Weather API (open-meteo.com),2025,12,2025-12
2025-12-07,14.4,19.5,10.5,0.0,78,5.7,Birendranagar,28.6,81.6167,Open-Meteo Historical Weather API (open-meteo.com),2025,12,2025-12
2025-12-08,14.4,20.0,11.2,0.0,79,5.1,Birendranagar,28.6,81.6167,Open-Meteo Historical Weather API (open-meteo.com),2025,12,2025-12
2025-12-09,14.9,19.9,11.8,0.0,73,5.2,Birendranagar,28.6,81.6167,Open-Meteo Historical Weather API (open-meteo.com),2025,12,2025-12
2025-12-10,14.4,19.2,10.2,0.0,75,6.5,Birendranagar,28.6,81.6167,Open-Meteo Historical Weather API (open-meteo.com),2025,12,2025-12
2025-12-11,14.4,20.5,9.9,0.0,79,5.5,Birendranagar,28.6,81.6167,Open-Meteo Historical Weather API (open-meteo.com),2025,12,2025-12
2025-12-12,15.3,20.0,12.8,0.0,71,6.2,Birendranagar,28.6,81.6167,Open-Meteo Historical Weather API (open-meteo.com),2025,12,2025-12
2025-12-13,15.5,20.2,12.0,0.0,71,5.4,Birendranagar,28.6,81.6167,Open-Meteo Historical Weather API (open-meteo.com),2025,12,2025-12
2025-12-14,15.9,20.7,11.5,0.0,67,5.2,Birendranagar,28.6,81.6167,Open-Meteo Historical Weather API (open-meteo.com),2025,12,2025-12
2025-12-15,14.6,19.1,11.4,0.0,69,5.4,Birendranagar,28.6,81.6167,Open-Meteo Historical Weather API (open-meteo.com),2025,12,2025-12
2025-12-16,13.6,18.3,11.3,0.0,79,5.4,Birendranagar,28.6,81.6167,Open-Meteo Historical Weather API (open-meteo.com),2025,12,2025-12
2025-12-17,13.9,18.7,10.9,0.0,78,5.8,Birendranagar,28.6,81.6167,Open-Meteo Historical Weather API (open-meteo.com),2025,12,2025-12
2025-12-18,15.1,19.7,12.2,0.0,70,5.9,Birendranagar,28.6,81.6167,Open-Meteo Historical Weather API (open-meteo.com),2025,12,2025-12
2025-12-19,14.0,18.7,9.7,0.0,72,6.0,Birendranagar,28.6,81.6167,Open-Meteo Historical Weather API (open-meteo.com),2025,12,2025-12
2025-12-20,11.5,15.8,8.6,0.0,85,6.0,Birendranagar,28.6,81.6167,Open-Meteo Historical Weather API (open-meteo.com),2025,12,2025-12
2025-12-21,14.0,18.8,9.4,0.0,73,5.8,Birendranagar,28.6,81.6167,Open-Meteo Historical Weather API (open-meteo.com),2025,12,2025-12
2025-12-22,14.3,18.7,11.6,0.0,70,6.0,Birendranagar,28.6,81.6167,Open-Meteo Historical Weather API (open-meteo.com),2025,12,2025-12
2025-12-23,12.9,18.2,10.1,0.0,83,5.2,Birendranagar,28.6,81.6167,Open-Meteo Historical Weather API (open-meteo.com),2025,12,2025-12
2025-12-24,11.8,15.7,9.4,0.0,88,6.7,Birendranagar,28.6,81.6167,Open-Meteo Historical Weather API (open-meteo.com),2025,12,2025-12
2025-12-25,11.1,16.0,8.0,0.0,86,7.0,Birendranagar,28.6,81.6167,Open-Meteo Historical Weather API (open-meteo.com),2025,12,2025-12
2025-12-26,12.0,17.2,8.3,0.0,83,5.2,Birendranagar,28.6,81.6167,Open-Meteo Historical Weather API (open-meteo.com),2025,12,2025-12
2025-12-27,11.9,16.9,8.0,0.0,83,5.6,Birendranagar,28.6,81.6167,Open-Meteo Historical Weather API (open-meteo.com),2025,12,2025-12
2025-12-28,11.7,16.4,8.0,0.0,86,6.2,Birendranagar,28.6,81.6167,Open-Meteo Historical Weather API (open-meteo.com),2025,12,2025-12
2025-12-29,10.7,13.2,8.7,0.0,94,5.1,Birendranagar,28.6,81.6167,Open-Meteo Historical Weather API (open-meteo.com),2025,12,2025-12
2025-12-30,11.1,14.9,8.8,0.0,90,5.8,Birendranagar,28.6,81.6167,Open-Meteo Historical Weather API (open-meteo.com),2025,12,2025-12
2025-12-31,10.1,12.5,8.8,0.0,92,5.4,Birendranagar,28.6,81.6167,Open-Meteo Historical Weather API (open-meteo.com),2025,12,2025-12
2026-01-01,11.7,17.2,8.5,0.0,83,6.8,Birendranagar,28.6,81.6167,Open-Meteo Historical Weather API (open-meteo.com),2026,1,2026-01
2026-01-02,12.1,16.9,8.4,0.0,81,6.6,Birendranagar,28.6,81.6167,Open-Meteo Historical Weather API (open-meteo.com),2026,1,2026-01
2026-01-03,11.2,14.9,7.9,0.0,88,6.8,Birendranagar,28.6,81.6167,Open-Meteo Historical Weather API (open-meteo.com),2026,1,2026-01
2026-01-04,10.6,15.2,7.7,0.0,84,5.3,Birendranagar,28.6,81.6167,Open-Meteo Historical Weather API (open-meteo.com),2026,1,2026-01
2026-01-05,10.0,14.7,7.5,0.0,87,5.6,Birendranagar,28.6,81.6167,Open-Meteo Historical Weather API (open-meteo.com),2026,1,2026-01
2026-01-06,10.1,15.1,7.3,0.0,77,5.9,Birendranagar,28.6,81.6167,Open-Meteo Historical Weather API (open-meteo.com),2026,1,2026-01
2026-01-07,10.7,16.3,6.5,0.0,71,6.6,Birendranagar,28.6,81.6167,Open-Meteo Historical Weather API (open-meteo.com),2026,1,2026-01
2026-01-08,10.3,15.5,6.8,0.0,65,5.9,Birendranagar,28.6,81.6167,Open-Meteo Historical Weather API (open-meteo.com),2026,1,2026-01
2026-01-09,11.3,17.9,7.0,0.0,63,5.3,Birendranagar,28.6,81.6167,Open-Meteo Historical Weather API (open-meteo.com),2026,1,2026-01
2026-01-10,12.6,18.1,8.4,0.0,54,9.6,Birendranagar,28.6,81.6167,Open-Meteo Historical Weather API (open-meteo.com),2026,1,2026-01
2026-01-11,11.6,17.4,7.8,0.0,64,6.4,Birendranagar,28.6,81.6167,Open-Meteo Historical Weather API (open-meteo.com),2026,1,2026-01
2026-01-12,11.7,17.5,8.7,0.0,69,7.8,Birendranagar,28.6,81.6167,Open-Meteo Historical Weather API (open-meteo.com),2026,1,2026-01
2026-01-13,13.3,19.5,9.5,0.0,68,5.5,Birendranagar,28.6,81.6167,Open-Meteo Historical Weather API (open-meteo.com),2026,1,2026-01
2026-01-14,12.5,17.5,9.7,0.0,72,6.4,Birendranagar,28.6,81.6167,Open-Meteo Historical Weather API (open-meteo.com),2026,1,2026-01
2026-01-15,12.0,17.4,8.2,0.0,77,5.9,Birendranagar,28.6,81.6167,Open-Meteo Historical Weather API (open-meteo.com),2026,1,2026-01
2026-01-16,12.8,17.8,9.2,0.0,72,6.0,Birendranagar,28.6,81.6167,Open-Meteo Historical Weather API (open-meteo.com),2026,1,2026-01
2026-01-17,14.1,19.5,11.0,0.0,66,4.7,Birendranagar,28.6,81.6167,Open-Meteo Historical Weather API (open-meteo.com),2026,1,2026-01
2026-01-18,14.3,19.4,11.1,0.0,65,5.6,Birendranagar,28.6,81.6167,Open-Meteo Historical Weather API (open-meteo.com),2026,1,2026-01
2026-01-19,15.3,22.0,11.0,0.0,47,8.3,Birendranagar,28.6,81.6167,Open-Meteo Historical Weather API (open-meteo.com),2026,1,2026-01
2026-01-20,14.2,20.1,9.8,0.0,57,7.5,Birendranagar,28.6,81.6167,Open-Meteo Historical Weather API (open-meteo.com),2026,1,2026-01
2026-01-21,13.4,20.2,8.4,0.0,62,7.1,Birendranagar,28.6,81.6167,Open-Meteo Historical Weather API (open-meteo.com),2026,1,2026-01
2026-01-22,13.7,18.9,10.5,0.0,64,7.6,Birendranagar,28.6,81.6167,Open-Meteo Historical Weather API (open-meteo.com),2026,1,2026-01
2026-01-23,14.5,19.5,10.7,5.5,66,11.4,Birendranagar,28.6,81.6167,Open-Meteo Historical Weather API (open-meteo.com),2026,1,2026-01
2026-01-24,13.5,20.3,8.9,1.2,73,6.7,Birendranagar,28.6,81.6167,Open-Meteo Historical Weather API (open-meteo.com),2026,1,2026-01
2026-01-25,13.3,19.1,9.2,0.0,69,8.1,Birendranagar,28.6,81.6167,Open-Meteo Historical Weather API (open-meteo.com),2026,1,2026-01
2026-01-26,13.4,18.8,9.8,0.0,71,6.0,Birendranagar,28.6,81.6167,Open-Meteo Historical Weather API (open-meteo.com),2026,1,2026-01
2026-01-27,15.2,20.6,9.9,3.9,63,5.8,Birendranagar,28.6,81.6167,Open-Meteo Historical Weather API (open-meteo.com),2026,1,2026-01
2026-01-28,13.2,17.3,9.7,11.8,84,7.5,Birendranagar,28.6,81.6167,Open-Meteo Historical Weather API (open-meteo.com),2026,1,2026-01
2026-01-29,12.6,18.5,8.5,0.0,79,8.3,Birendranagar,28.6,81.6167,Open-Meteo Historical Weather API (open-meteo.com),2026,1,2026-01
2026-01-30,13.4,18.4,9.8,0.0,76,6.9,Birendranagar,28.6,81.6167,Open-Meteo Historical Weather API (open-meteo.com),2026,1,2026-01
2026-01-31,13.0,18.3,10.0,0.0,80,6.3,Birendranagar,28.6,81.6167,Open-Meteo Historical Weather API (open-meteo.com),2026,1,2026-01
2026-02-01,14.6,20.3,9.9,0.0,72,6.1,Birendranagar,28.6,81.6167,Open-Meteo Historical Weather API (open-meteo.com),2026,2,2026-02
2026-02-02,15.9,21.4,11.5,0.0,62,9.0,Birendranagar,28.6,81.6167,Open-Meteo Historical Weather API (open-meteo.com),2026,2,2026-02
2026-02-03,14.2,19.4,9.5,0.0,66,7.4,Birendranagar,28.6,81.6167,Open-Meteo Historical Weather API (open-meteo.com),2026,2,2026-02
2026-02-04,14.3,20.9,9.3,0.0,58,8.2,Birendranagar,28.6,81.6167,Open-Meteo Historical Weather API (open-meteo.com),2026,2,2026-02
2026-02-05,13.6,19.0,8.9,0.0,70,6.8,Birendranagar,28.6,81.6167,Open-Meteo Historical Weather API (open-meteo.com),2026,2,2026-02
2026-02-06,13.4,18.6,9.3,0.0,77,6.6,Birendranagar,28.6,81.6167,Open-Meteo Historical Weather API (open-meteo.com),2026,2,2026-02
2026-02-07,13.0,18.4,8.7,0.0,83,6.9,Birendranagar,28.6,81.6167,Open-Meteo Historical Weather API (open-meteo.com),2026,2,2026-02
2026-02-08,13.3,19.1,7.3,0.0,75,7.8,Birendranagar,28.6,81.6167,Open-Meteo Historical Weather API (open-meteo.com),2026,2,2026-02
2026-02-09,14.2,19.8,9.0,0.0,77,9.7,Birendranagar,28.6,81.6167,Open-Meteo Historical Weather API (open-meteo.com),2026,2,2026-02
2026-02-10,15.2,20.7,11.8,0.0,71,8.6,Birendranagar,28.6,81.6167,Open-Meteo Historical Weather API (open-meteo.com),2026,2,2026-02
2026-02-11,15.7,21.4,11.5,0.0,66,7.7,Birendranagar,28.6,81.6167,Open-Meteo Historical Weather API (open-meteo.com),2026,2,2026-02
2026-02-12,15.8,21.6,11.5,0.0,69,8.4,Birendranagar,28.6,81.6167,Open-Meteo Historical Weather API (open-meteo.com),2026,2,2026-02
2026-02-13,15.4,20.8,11.1,0.0,77,9.2,Birendranagar,28.6,81.6167,Open-Meteo Historical Weather API (open-meteo.com),2026,2,2026-02
2026-02-14,15.0,21.0,10.1,0.0,77,8.9,Birendranagar,28.6,81.6167,Open-Meteo Historical Weather API (open-meteo.com),2026,2,2026-02
2026-02-15,15.4,20.7,11.0,0.0,76,9.5,Birendranagar,28.6,81.6167,Open-Meteo Historical Weather API (open-meteo.com),2026,2,2026-02
2026-02-16,16.0,22.6,10.3,0.0,74,7.9,Birendranagar,28.6,81.6167,Open-Meteo Historical Weather API (open-meteo.com),2026,2,2026-02
2026-02-17,16.8,23.2,11.8,0.0,73,8.5,Birendranagar,28.6,81.6167,Open-Meteo Historical Weather API (open-meteo.com),2026,2,2026-02
2026-02-18,18.3,23.6,13.9,0.1,67,8.1,Birendranagar,28.6,81.6167,Open-Meteo Historical Weather API (open-meteo.com),2026,2,2026-02
2026-02-19,18.1,24.3,12.2,0.1,59,11.2,Birendranagar,28.6,81.6167,Open-Meteo Historical Weather API (open-meteo.com),2026,2,2026-02
2026-02-20,18.8,24.7,11.8,0.0,45,8.9,Birendranagar,28.6,81.6167,Open-Meteo Historical Weather API (open-meteo.com),2026,2,2026-02
2026-02-21,17.9,23.6,13.5,0.0,58,9.8,Birendranagar,28.6,81.6167,Open-Meteo Historical Weather API (open-meteo.com),2026,2,2026-02
2026-02-22,17.3,22.8,13.3,0.0,68,8.8,Birendranagar,28.6,81.6167,Open-Meteo Historical Weather API (open-meteo.com),2026,2,2026-02
2026-02-23,16.9,22.8,11.7,0.1,68,8.5,Birendranagar,28.6,81.6167,Open-Meteo Historical Weather API (open-meteo.com),2026,2,2026-02
2026-02-24,17.0,22.7,12.8,1.7,68,8.2,Birendranagar,28.6,81.6167,Open-Meteo Historical Weather API (open-meteo.com),2026,2,2026-02
2026-02-25,17.5,22.4,13.8,0.3,64,10.2,Birendranagar,28.6,81.6167,Open-Meteo Historical Weather API (open-meteo.com),2026,2,2026-02
2026-02-26,17.9,23.1,13.3,0.0,61,10.5,Birendranagar,28.6,81.6167,Open-Meteo Historical Weather API (open-meteo.com),2026,2,2026-02
2026-02-27,17.6,22.8,13.1,0.2,63,9.8,Birendranagar,28.6,81.6167,Open-Meteo Historical Weather API (open-meteo.com),2026,2,2026-02
2026-02-28,18.7,24.2,13.9,0.0,56,12.3,Birendranagar,28.6,81.6167,Open-Meteo Historical Weather API (open-meteo.com),2026,2,2026-02
2026-03-01,18.7,24.6,14.7,0.0,57,10.0,Birendranagar,28.6,81.6167,Open-Meteo Historical Weather API (open-meteo.com),2026,3,2026-03
2026-03-02,18.5,24.4,14.0,0.0,55,9.2,Birendranagar,28.6,81.6167,Open-Meteo Historical Weather API (open-meteo.com),2026,3,2026-03
2026-03-03,18.5,23.9,13.9,0.0,65,10.2,Birendranagar,28.6,81.6167,Open-Meteo Historical Weather API (open-meteo.com),2026,3,2026-03
2026-03-04,19.2,25.8,14.1,0.0,70,9.3,Birendranagar,28.6,81.6167,Open-Meteo Historical Weather API (open-meteo.com),2026,3,2026-03
2026-03-05,20.3,27.0,15.5,0.0,66,10.4,Birendranagar,28.6,81.6167,Open-Meteo Historical Weather API (open-meteo.com),2026,3,2026-03
2026-03-06,21.2,26.4,17.4,0.0,63,8.3,Birendranagar,28.6,81.6167,Open-Meteo Historical Weather API (open-meteo.com),2026,3,2026-03
2026-03-07,21.8,27.6,17.4,0.0,62,9.8,Birendranagar,28.6,81.6167,Open-Meteo Historical Weather API (open-meteo.com),2026,3,2026-03
2026-03-08,21.9,26.1,18.1,0.0,65,9.3,Birendranagar,28.6,81.6167,Open-Meteo Historical Weather API (open-meteo.com),2026,3,2026-03
2026-03-09,21.4,24.9,18.2,1.6,75,8.1,Birendranagar,28.6,81.6167,Open-Meteo Historical Weather API (open-meteo.com),2026,3,2026-03
2026-03-10,21.6,25.6,18.3,1.3,77,6.5,Birendranagar,28.6,81.6167,Open-Meteo Historical Weather API (open-meteo.com),2026,3,2026-03
2026-03-11,22.0,26.8,19.0,0.2,76,9.5,Birendranagar,28.6,81.6167,Open-Meteo Historical Weather API (open-meteo.com),2026,3,2026-03
2026-03-12,22.4,28.0,18.0,0.0,70,9.2,Birendranagar,28.6,81.6167,Open-Meteo Historical Weather API (open-meteo.com),2026,3,2026-03
2026-03-13,22.7,27.9,18.9,0.0,56,14.3,Birendranagar,28.6,81.6167,Open-Meteo Historical Weather API (open-meteo.com),2026,3,2026-03
2026-03-14,21.8,27.0,17.4,0.0,55,7.5,Birendranagar,28.6,81.6167,Open-Meteo Historical Weather API (open-meteo.com),2026,3,2026-03
2026-03-15,19.1,25.2,12.3,3.6,68,12.4,Birendranagar,28.6,81.6167,Open-Meteo Historical Weather API (open-meteo.com),2026,3,2026-03
2026-03-16,17.7,23.7,11.6,0.7,57,11.7,Birendranagar,28.6,81.6167,Open-Meteo Historical Weather API (open-meteo.com),2026,3,2026-03
2026-03-17,19.8,26.6,14.9,0.0,40,12.8,Birendranagar,28.6,81.6167,Open-Meteo Historical Weather API (open-meteo.com),2026,3,2026-03
2026-03-18,19.9,26.1,13.8,0.0,44,9.8,Birendranagar,28.6,81.6167,Open-Meteo Historical Weather API (open-meteo.com),2026,3,2026-03
2026-03-19,20.7,27.4,15.6,0.7,49,14.4,Birendranagar,28.6,81.6167,Open-Meteo Historical Weather API (open-meteo.com),2026,3,2026-03
2026-03-20,18.4,26.1,15.1,4.3,72,14.3,Birendranagar,28.6,81.6167,Open-Meteo Historical Weather API (open-meteo.com),2026,3,2026-03
2026-03-21,15.4,20.1,13.3,17.5,88,12.7,Birendranagar,28.6,81.6167,Open-Meteo Historical Weather API (open-meteo.com),2026,3,2026-03
2026-03-22,16.9,22.4,12.8,1.8,78,9.2,Birendranagar,28.6,81.6167,Open-Meteo Historical Weather API (open-meteo.com),2026,3,2026-03
2026-03-23,18.6,23.8,15.1,0.1,67,11.1,Birendranagar,28.6,81.6167,Open-Meteo Historical Weather API (open-meteo.com),2026,3,2026-03
2026-03-24,19.1,24.7,13.3,0.0,61,11.3,Birendranagar,28.6,81.6167,Open-Meteo Historical Weather API (open-meteo.com),2026,3,2026-03
2026-03-25,20.5,26.2,15.3,0.0,59,11.0,Birendranagar,28.6,81.6167,Open-Meteo Historical Weather API (open-meteo.com),2026,3,2026-03
2026-03-26,22.0,27.5,17.8,0.0,54,9.0,Birendranagar,28.6,81.6167,Open-Meteo Historical Weather API (open-meteo.com),2026,3,2026-03
2026-03-27,21.1,27.3,16.7,1.4,60,9.2,Birendranagar,28.6,81.6167,Open-Meteo Historical Weather API (open-meteo.com),2026,3,2026-03
2026-03-28,20.3,25.3,16.4,0.2,62,9.0,Birendranagar,28.6,81.6167,Open-Meteo Historical Weather API (open-meteo.com),2026,3,2026-03
2026-03-29,21.6,25.9,17.3,0.4,64,9.3,Birendranagar,28.6,81.6167,Open-Meteo Historical Weather API (open-meteo.com),2026,3,2026-03
2026-03-30,22.2,27.1,17.3,0.9,66,10.8,Birendranagar,28.6,81.6167,Open-Meteo Historical Weather API (open-meteo.com),2026,3,2026-03
2026-03-31,22.6,27.9,18.6,0.7,59,13.5,Birendranagar,28.6,81.6167,Open-Meteo Historical Weather API (open-meteo.com),2026,3,2026-03
2026-04-01,23.1,28.7,15.9,0.0,49,10.5,Birendranagar,28.6,81.6167,Open-Meteo Historical Weather API (open-meteo.com),2026,4,2026-04
2026-04-02,24.0,31.0,17.3,0.0,41,14.6,Birendranagar,28.6,81.6167,Open-Meteo Historical Weather API (open-meteo.com),2026,4,2026-04
2026-04-03,24.9,31.0,20.4,0.0,42,14.8,Birendranagar,28.6,81.6167,Open-Meteo Historical Weather API (open-meteo.com),2026,4,2026-04
2026-04-04,23.9,30.2,16.8,4.8,51,14.8,Birendranagar,28.6,81.6167,Open-Meteo Historical Weather API (open-meteo.com),2026,4,2026-04
2026-04-05,20.7,26.7,15.9,0.9,68,12.4,Birendranagar,28.6,81.6167,Open-Meteo Historical Weather API (open-meteo.com),2026,4,2026-04
2026-04-06,20.3,27.2,14.3,1.8,55,10.4,Birendranagar,28.6,81.6167,Open-Meteo Historical Weather API (open-meteo.com),2026,4,2026-04
2026-04-07,21.2,27.0,15.3,0.0,45,11.7,Birendranagar,28.6,81.6167,Open-Meteo Historical Weather API (open-meteo.com),2026,4,2026-04
2026-04-08,16.5,19.0,12.3,9.3,76,12.0,Birendranagar,28.6,81.6167,Open-Meteo Historical Weather API (open-meteo.com),2026,4,2026-04
2026-04-09,18.1,23.0,12.5,0.5,55,11.2,Birendranagar,28.6,81.6167,Open-Meteo Historical Weather API (open-meteo.com),2026,4,2026-04
2026-04-10,19.5,25.2,13.7,0.0,48,13.2,Birendranagar,28.6,81.6167,Open-Meteo Historical Weather API (open-meteo.com),2026,4,2026-04
2026-04-11,20.9,27.5,13.9,0.0,52,11.6,Birendranagar,28.6,81.6167,Open-Meteo Historical Weather API (open-meteo.com),2026,4,2026-04
2026-04-12,22.8,29.4,16.6,0.0,39,18.4,Birendranagar,28.6,81.6167,Open-Meteo Historical Weather API (open-meteo.com),2026,4,2026-04
2026-04-13,23.4,29.5,17.7,0.0,37,10.4,Birendranagar,28.6,81.6167,Open-Meteo Historical Weather API (open-meteo.com),2026,4,2026-04
2026-04-14,24.5,30.5,19.1,0.0,36,11.9,Birendranagar,28.6,81.6167,Open-Meteo Historical Weather API (open-meteo.com),2026,4,2026-04
2026-04-15,24.9,31.5,18.5,0.0,33,11.7,Birendranagar,28.6,81.6167,Open-Meteo Historical Weather API (open-meteo.com),2026,4,2026-04
2026-04-16,25.1,31.2,19.4,0.0,35,10.8,Birendranagar,28.6,81.6167,Open-Meteo Historical Weather API (open-meteo.com),2026,4,2026-04
2026-04-17,25.5,31.0,20.1,0.0,44,10.2,Birendranagar,28.6,81.6167,Open-Meteo Historical Weather API (open-meteo.com),2026,4,2026-04
2026-04-18,26.6,32.5,20.4,0.0,43,12.9,Birendranagar,28.6,81.6167,Open-Meteo Historical Weather API (open-meteo.com),2026,4,2026-04
2026-04-19,26.9,33.5,21.5,0.0,40,12.2,Birendranagar,28.6,81.6167,Open-Meteo Historical Weather API (open-meteo.com),2026,4,2026-04
2026-04-20,27.7,33.1,22.7,0.0,31,14.0,Birendranagar,28.6,81.6167,Open-Meteo Historical Weather API (open-meteo.com),2026,4,2026-04
2026-04-21,26.8,32.4,21.4,0.0,32,12.6,Birendranagar,28.6,81.6167,Open-Meteo Historical Weather API (open-meteo.com),2026,4,2026-04
2026-04-22,26.7,32.7,19.8,0.0,33,12.6,Birendranagar,28.6,81.6167,Open-Meteo Historical Weather API (open-meteo.com),2026,4,2026-04
2026-04-23,27.6,33.8,22.5,0.0,36,11.4,Birendranagar,28.6,81.6167,Open-Meteo Historical Weather API (open-meteo.com),2026,4,2026-04
2026-04-24,28.1,34.2,23.6,0.0,37,11.8,Birendranagar,28.6,81.6167,Open-Meteo Historical Weather API (open-meteo.com),2026,4,2026-04
2026-04-25,28.9,34.3,23.0,0.0,37,12.8,Birendranagar,28.6,81.6167,Open-Meteo Historical Weather API (open-meteo.com),2026,4,2026-04
2026-04-26,27.8,31.8,22.7,0.0,46,10.3,Birendranagar,28.6,81.6167,Open-Meteo Historical Weather API (open-meteo.com),2026,4,2026-04
2026-04-27,26.0,30.9,21.8,0.0,60,11.0,Birendranagar,28.6,81.6167,Open-Meteo Historical Weather API (open-meteo.com),2026,4,2026-04
2026-04-28,25.9,30.9,20.2,1.0,57,13.0,Birendranagar,28.6,81.6167,Open-Meteo Historical Weather API (open-meteo.com),2026,4,2026-04
2026-04-29,25.1,29.0,18.5,16.5,60,9.2,Birendranagar,28.6,81.6167,Open-Meteo Historical Weather API (open-meteo.com),2026,4,2026-04
2026-04-30,21.1,26.5,18.1,23.7,77,11.1,Birendranagar,28.6,81.6167,Open-Meteo Historical Weather API (open-meteo.com),2026,4,2026-04
2026-05-01,20.5,26.6,17.4,18.4,83,9.3,Birendranagar,28.6,81.6167,Open-Meteo Historical Weather API (open-meteo.com),2026,5,2026-05
2026-05-02,21.4,27.3,17.2,3.0,75,10.4,Birendranagar,28.6,81.6167,Open-Meteo Historical Weather API (open-meteo.com),2026,5,2026-05
2026-05-03,22.1,27.7,18.2,3.9,74,9.8,Birendranagar,28.6,81.6167,Open-Meteo Historical Weather API (open-meteo.com),2026,5,2026-05
2026-05-04,20.7,25.8,18.2,11.5,74,11.1,Birendranagar,28.6,81.6167,Open-Meteo Historical Weather API (open-meteo.com),2026,5,2026-05
2026-05-05,22.4,27.2,18.8,0.0,62,7.1,Birendranagar,28.6,81.6167,Open-Meteo Historical Weather API (open-meteo.com),2026,5,2026-05
2026-05-06,22.4,27.2,17.3,0.7,56,11.8,Birendranagar,28.6,81.6167,Open-Meteo Historical Weather API (open-meteo.com),2026,5,2026-05
2026-05-07,20.0,23.9,16.2,7.0,70,10.1,Birendranagar,28.6,81.6167,Open-Meteo Historical Weather API (open-meteo.com),2026,5,2026-05
2026-05-08,22.1,27.4,18.6,1.4,60,8.0,Birendranagar,28.6,81.6167,Open-Meteo Historical Weather API (open-meteo.com),2026,5,2026-05
2026-05-09,23.7,27.4,20.2,0.1,56,6.6,Birendranagar,28.6,81.6167,Open-Meteo Historical Weather API (open-meteo.com),2026,5,2026-05
2026-05-10,24.9,28.8,22.1,0.0,56,9.1,Birendranagar,28.6,81.6167,Open-Meteo Historical Weather API (open-meteo.com),2026,5,2026-05
2026-05-11,24.8,28.6,20.8,0.0,59,8.6,Birendranagar,28.6,81.6167,Open-Meteo Historical Weather API (open-meteo.com),2026,5,2026-05
2026-05-12,24.4,28.8,19.7,2.1,66,8.0,Birendranagar,28.6,81.6167,Open-Meteo Historical Weather API (open-meteo.com),2026,5,2026-05
2026-05-13,25.2,29.8,20.8,0.6,66,10.3,Birendranagar,28.6,81.6167,Open-Meteo Historical Weather API (open-meteo.com),2026,5,2026-05
2026-05-14,24.6,27.6,21.8,2.5,71,8.0,Birendranagar,28.6,81.6167,Open-Meteo Historical Weather API (open-meteo.com),2026,5,2026-05
2026-05-15,25.0,29.9,21.9,1.7,71,9.3,Birendranagar,28.6,81.6167,Open-Meteo Historical Weather API (open-meteo.com),2026,5,2026-05
2026-05-16,26.9,31.6,22.6,0.3,54,11.1,Birendranagar,28.6,81.6167,Open-Meteo Historical Weather API (open-meteo.com),2026,5,2026-05
2026-05-17,27.3,32.3,22.5,0.1,52,10.5,Birendranagar,28.6,81.6167,Open-Meteo Historical Weather API (open-meteo.com),2026,5,2026-05
2026-05-18,28.5,33.8,23.9,0.0,50,10.7,Birendranagar,28.6,81.6167,Open-Meteo Historical Weather API (open-meteo.com),2026,5,2026-05
2026-05-19,28.6,32.7,25.3,0.7,57,8.6,Birendranagar,28.6,81.6167,Open-Meteo Historical Weather API (open-meteo.com),2026,5,2026-05
2026-05-20,29.0,33.2,25.1,1.2,64,11.7,Birendranagar,28.6,81.6167,Open-Meteo Historical Weather API (open-meteo.com),2026,5,2026-05
2026-05-21,30.3,34.8,26.1,0.2,55,12.2,Birendranagar,28.6,81.6167,Open-Meteo Historical Weather API (open-meteo.com),2026,5,2026-05
2026-05-22,29.4,33.3,25.3,0.5,62,11.9,Birendranagar,28.6,81.6167,Open-Meteo Historical Weather API (open-meteo.com),2026,5,2026-05
2026-05-23,29.0,34.3,25.3,0.9,51,14.7,Birendranagar,28.6,81.6167,Open-Meteo Historical Weather API (open-meteo.com),2026,5,2026-05
2026-05-24,28.3,33.0,24.0,0.0,48,11.1,Birendranagar,28.6,81.6167,Open-Meteo Historical Weather API (open-meteo.com),2026,5,2026-05
2026-05-25,28.7,34.6,23.5,0.2,45,13.9,Birendranagar,28.6,81.6167,Open-Meteo Historical Weather API (open-meteo.com),2026,5,2026-05
2026-05-26,28.2,31.9,24.2,0.1,49,9.6,Birendranagar,28.6,81.6167,Open-Meteo Historical Weather API (open-meteo.com),2026,5,2026-05
2026-05-27,27.4,31.3,23.9,0.0,58,9.2,Birendranagar,28.6,81.6167,Open-Meteo Historical Weather API (open-meteo.com),2026,5,2026-05
2026-05-28,25.6,31.0,22.6,2.6,72,9.3,Birendranagar,28.6,81.6167,Open-Meteo Historical Weather API (open-meteo.com),2026,5,2026-05
2026-05-29,23.8,28.3,20.3,14.6,73,10.8,Birendranagar,28.6,81.6167,Open-Meteo Historical Weather API (open-meteo.com),2026,5,2026-05
2026-05-30,24.2,29.7,20.1,2.6,75,7.3,Birendranagar,28.6,81.6167,Open-Meteo Historical Weather API (open-meteo.com),2026,5,2026-05
2026-05-31,23.7,28.0,20.8,5.9,81,7.7,Birendranagar,28.6,81.6167,Open-Meteo Historical Weather API (open-meteo.com),2026,5,2026-05
2026-06-01,25.7,30.2,20.4,0.6,62,10.2,Birendranagar,28.6,81.6167,Open-Meteo Historical Weather API (open-meteo.com),2026,6,2026-06
2026-06-02,27.3,31.8,23.5,0.0,58,8.8,Birendranagar,28.6,81.6167,Open-Meteo Historical Weather API (open-meteo.com),2026,6,2026-06
2026-06-03,27.7,32.1,24.1,0.2,57,9.0,Birendranagar,28.6,81.6167,Open-Meteo Historical Weather API (open-meteo.com),2026,6,2026-06
2026-06-04,27.8,32.9,24.1,0.6,58,10.2,Birendranagar,28.6,81.6167,Open-Meteo Historical Weather API (open-meteo.com),2026,6,2026-06
2026-06-05,27.1,33.0,21.6,4.5,65,9.5,Birendranagar,28.6,81.6167,Open-Meteo Historical Weather API (open-meteo.com),2026,6,2026-06
2026-06-06,27.1,30.6,24.2,1.6,66,6.2,Birendranagar,28.6,81.6167,Open-Meteo Historical Weather API (open-meteo.com),2026,6,2026-06
2026-06-07,27.2,31.5,23.6,0.2,65,10.6,Birendranagar,28.6,81.6167,Open-Meteo Historical Weather API (open-meteo.com),2026,6,2026-06
2026-06-08,29.1,34.2,24.6,0.7,51,12.5,Birendranagar,28.6,81.6167,Open-Meteo Historical Weather API (open-meteo.com),2026,6,2026-06
2026-06-09,28.5,33.1,24.0,0.8,54,9.9,Birendranagar,28.6,81.6167,Open-Meteo Historical Weather API (open-meteo.com),2026,6,2026-06
2026-06-10,26.6,31.0,22.9,14.8,72,14.5,Birendranagar,28.6,81.6167,Open-Meteo Historical Weather API (open-meteo.com),2026,6,2026-06
2026-06-11,24.8,28.5,21.9,10.0,81,7.7,Birendranagar,28.6,81.6167,Open-Meteo Historical Weather API (open-meteo.com),2026,6,2026-06
2026-06-12,24.4,28.6,20.8,17.4,80,7.8,Birendranagar,28.6,81.6167,Open-Meteo Historical Weather API (open-meteo.com),2026,6,2026-06
2026-06-13,25.6,30.2,21.2,0.4,74,8.0,Birendranagar,28.6,81.6167,Open-Meteo Historical Weather API (open-meteo.com),2026,6,2026-06
2026-06-14,25.8,30.5,22.1,2.1,75,10.2,Birendranagar,28.6,81.6167,Open-Meteo Historical Weather API (open-meteo.com),2026,6,2026-06
2026-06-15,27.7,32.5,23.0,0.0,60,11.2,Birendranagar,28.6,81.6167,Open-Meteo Historical Weather API (open-meteo.com),2026,6,2026-06
2026-06-16,28.2,32.2,24.4,0.7,58,9.0,Birendranagar,28.6,81.6167,Open-Meteo Historical Weather API (open-meteo.com),2026,6,2026-06
2026-06-17,28.3,32.5,23.8,0.1,58,12.4,Birendranagar,28.6,81.6167,Open-Meteo Historical Weather API (open-meteo.com),2026,6,2026-06
2026-06-18,28.5,33.0,24.2,0.3,55,10.3,Birendranagar,28.6,81.6167,Open-Meteo Historical Weather API (open-meteo.com),2026,6,2026-06
2026-06-19,28.7,32.6,25.1,2.6,62,10.3,Birendranagar,28.6,81.6167,Open-Meteo Historical Weather API (open-meteo.com),2026,6,2026-06
2026-06-20,28.6,32.9,24.9,0.7,65,12.5,Birendranagar,28.6,81.6167,Open-Meteo Historical Weather API (open-meteo.com),2026,6,2026-06
2026-06-21,28.6,32.5,24.3,0.6,64,11.5,Birendranagar,28.6,81.6167,Open-Meteo Historical Weather API (open-meteo.com),2026,6,2026-06
2026-06-22,28.5,31.9,25.4,1.4,62,11.8,Birendranagar,28.6,81.6167,Open-Meteo Historical Weather API (open-meteo.com),2026,6,2026-06
2026-06-23,27.5,31.9,22.4,0.7,61,10.5,Birendranagar,28.6,81.6167,Open-Meteo Historical Weather API (open-meteo.com),2026,6,2026-06
2026-06-24,28.4,32.6,24.0,0.4,56,9.0,Birendranagar,28.6,81.6167,Open-Meteo Historical Weather API (open-meteo.com),2026,6,2026-06
2026-06-25,29.6,34.0,25.7,0.1,53,9.6,Birendranagar,28.6,81.6167,Open-Meteo Historical Weather API (open-meteo.com),2026,6,2026-06
2026-06-26,29.8,33.7,26.5,0.5,56,7.8,Birendranagar,28.6,81.6167,Open-Meteo Historical Weather API (open-meteo.com),2026,6,2026-06
2026-06-27,29.1,33.8,25.6,0.4,64,11.3,Birendranagar,28.6,81.6167,Open-Meteo Historical Weather API (open-meteo.com),2026,6,2026-06
2026-06-28,27.5,32.2,23.5,3.0,76,9.1,Birendranagar,28.6,81.6167,Open-Meteo Historical Weather API (open-meteo.com),2026,6,2026-06
2026-06-29,26.4,29.8,23.8,12.5,83,6.4,Birendranagar,28.6,81.6167,Open-Meteo Historical Weather API (open-meteo.com),2026,6,2026-06
2026-06-30,24.8,27.4,23.4,15.2,92,8.6,Birendranagar,28.6,81.6167,Open-Meteo Historical Weather API (open-meteo.com),2026,6,2026-06
2026-07-01,25.3,28.7,23.2,15.8,93,7.7,Birendranagar,28.6,81.6167,Open-Meteo Historical Weather API (open-meteo.com),2026,7,2026-07
2026-07-02,26.2,29.1,23.6,16.0,85,5.0,Birendranagar,28.6,81.6167,Open-Meteo Historical Weather API (open-meteo.com),2026,7,2026-07
2026-07-03,27.0,31.2,23.9,8.7,85,7.1,Birendranagar,28.6,81.6167,Open-Meteo Historical Weather API (open-meteo.com),2026,7,2026-07
2026-07-04,27.2,32.0,24.4,5.9,83,8.2,Birendranagar,28.6,81.6167,Open-Meteo Historical Weather API (open-meteo.com),2026,7,2026-07
2026-07-05,27.5,31.5,24.6,5.5,81,7.6,Birendranagar,28.6,81.6167,Open-Meteo Historical Weather API (open-meteo.com),2026,7,2026-07
2026-07-06,27.5,31.4,24.2,7.7,83,7.2,Birendranagar,28.6,81.6167,Open-Meteo Historical Weather API (open-meteo.com),2026,7,2026-07
2026-07-07,26.1,29.3,24.6,18.1,90,6.2,Birendranagar,28.6,81.6167,Open-Meteo Historical Weather API (open-meteo.com),2026,7,2026-07
2026-07-08,25.7,29.7,23.7,23.7,91,9.6,Birendranagar,28.6,81.6167,Open-Meteo Historical Weather API (open-meteo.com),2026,7,2026-07
2026-07-09,25.3,28.4,23.5,23.9,93,12.5,Birendranagar,28.6,81.6167,Open-Meteo Historical Weather API (open-meteo.com),2026,7,2026-07
2026-07-10,25.1,28.0,23.5,13.5,93,8.3,Birendranagar,28.6,81.6167,Open-Meteo Historical Weather API (open-meteo.com),2026,7,2026-07
2026-07-11,25.3,28.0,23.9,11.9,93,11.5,Birendranagar,28.6,81.6167,Open-Meteo Historical Weather API (open-meteo.com),2026,7,2026-07
2026-07-12,25.9,30.2,23.3,7.2,91,7.8,Birendranagar,28.6,81.6167,Open-Meteo Historical Weather API (open-meteo.com),2026,7,2026-07
2026-07-13,26.7,31.2,23.1,7.1,85,9.7,Birendranagar,28.6,81.6167,Open-Meteo Historical Weather API (open-meteo.com),2026,7,2026-07
2026-07-14,26.4,30.2,24.0,4.8,86,8.0,Birendranagar,28.6,81.6167,Open-Meteo Historical Weather API (open-meteo.com),2026,7,2026-07
